Bio,Following Count,Followers Count,Location,Website,Profile URL
"Providing Entertainment & Travel to Commercial Radio. Reaching 28.9M weekly listeners. Winners of The Arqiva National Sales Team of the Year 2010, 2011 & 2016",456,N/A,N/A,N/A,https://twitter.com/GTNUK1
"push, push",N/A,N/A,California,bit.ly/WatchPushPush,https://twitter.com/whatsapp
Customs Broker,124,N/A,N/A,N/A,https://twitter.com/aacb_CBPTrade
A & A Freight | Warehousing | Customs Brokerage | Helping people ship across borders.,"3,896",N/A,N/A,N/A,https://twitter.com/aacbdotcom
A commercial glass and glazing company serving the window industry in New England since 1954. #SafetyQualityService,N/A,N/A,N/A,N/A,https://twitter.com/@AAWindowPRODUCT
"A&B Kia is a Kia dealer in Benwood, WV. Stay connected to exceed expectations. Build strong relationships. Drive the best with us.",N/A,N/A,N/A,N/A,https://www.twitter.com/aandb_kia
"Industry leader in wholesale home decor, furniture, and garden, since 1993.",178,N/A,N/A,N/A,https://twitter.com/ABHomeInc
"From large format black & white prints to the most sophisticated of digital color printing jobs, A & B can get the job done right.",123,N/A,N/A,N/A,https://twitter.com/Abrepro
N/A,N/A,N/A,N/A,N/A,http://www.twitter.com
"A & C CHRISTOFI LTD is a fast growing professional services company based in Limassol, Cyprus. Our main Concern is your Business.",291,N/A,N/A,N/A,https://twitter.com/ACChristofiLtd
Used Clothing Distributor,0,N/A,N/A,N/A,https://twitter.com/aeclothing1
N/A,N/A,N/A,N/A,N/A,http://www.twitter.com/
N/A,N/A,N/A,N/A,N/A,https://twitter.com/AETechnologies1
"Create, manage and grow your business online with Wix. It’s more than just a website builder, it’s how your vision comes to life. For support: 
@WixHelp
.",N/A,N/A,We're everywhere!,wix.com,http://www.twitter.com/wix
"A & G Insurance prides itself on being your local, full service, Independent Insurance Agency.",257,N/A,N/A,N/A,https://twitter.com/AGInsuranceLLC
